<?xml version="1.0" encoding="UTF-8" standalone="yes"?>
<addon id="plugin.video.tvaac"
       name="tvAAC"
       version="0.1.00"
       provider-name="tvAAC">
    <requires>
        <import addon="xbmc.python" version="2.1.0"/>
	<import addon="plugin.video.youtube" version="3.0.0"/>

    </requires>
    <extension point="xbmc.python.pluginsource" library="addon.py">
        <provides>video</provides>
    </extension>
    <extension point="xbmc.addon.metadata">
        <summary>Stream em directo e videos da tvAAC</summary>
        <description>Addon da Televisao da Associacao Academica de Coimbra. Visita o site oficial - http://tvaac.pt/</description>
        <platform>all</platform>
    </extension>
</addon>